<?xml version="1.0" encoding="UTF-8"?>
<definitions xmlns="http://www.omg.org/spec/BPMN/20100524/MODEL" xmlns:xsi="http://www.w3.org/2001/XMLSchema-instance" xmlns:xsd="http://www.w3.org/2001/XMLSchema" xmlns:activiti="http://activiti.org/bpmn" xmlns:bpmndi="http://www.omg.org/spec/BPMN/20100524/DI" xmlns:omgdc="http://www.omg.org/spec/DD/20100524/DC" xmlns:omgdi="http://www.omg.org/spec/DD/20100524/DI" typeLanguage="http://www.w3.org/2001/XMLSchema" expressionLanguage="http://www.w3.org/1999/XPath" targetNamespace="http://www.activiti.org/test">
  <process id="sw_data_query" name="数据查询" isExecutable="true">
    <startEvent id="step0" name="开始" activiti:initiator="creator"></startEvent>
    <userTask id="step1" name="数据查询申请" activiti:assignee="${creator}">
      <extensionElements>
        <activiti:operations>
          <activiti:submit enable="true"></activiti:submit>
          <activiti:stop enable="true"></activiti:stop>
          <activiti:reject enable="false"></activiti:reject>
        </activiti:operations>
      </extensionElements>
    </userTask>
    <userTask id="step2" name="申请部门领导审核" activiti:candidateUsers="${candidateUsersDataQuery.getStep2Users(execution,creator,'biz_leader,xxzx_leader')}">
      <extensionElements>
        <activiti:formProperty id="step2Approved" type="boolean" required="true"></activiti:formProperty>
        <activiti:operations>
          <activiti:submit enable="true"></activiti:submit>
          <activiti:stop enable="false"></activiti:stop>
          <activiti:reject enable="true"></activiti:reject>
        </activiti:operations>
      </extensionElements>
    </userTask>
    <userTask id="step3" name="信息中心确认" activiti:candidateUsers="${candidateUsersDataQuery.getStep3Users(execution,creator,'xxzx_employe')}">
      <extensionElements>
        <activiti:formProperty id="step3Approved" type="boolean" required="true"></activiti:formProperty>
        <activiti:operations>
          <activiti:submit enable="true"></activiti:submit>
          <activiti:stop enable="true"></activiti:stop>
          <activiti:reject enable="false"></activiti:reject>
        </activiti:operations>
      </extensionElements>
    </userTask>
    <userTask id="step4" name="外协单位处理" activiti:candidateUsers="${candidateUsersDataQuery.getStep4Users(execution,creator,'vendor_manager')}">
      <extensionElements>
        <activiti:operations>
          <activiti:submit enable="true"></activiti:submit>
          <activiti:stop enable="false"></activiti:stop>
          <activiti:reject enable="false"></activiti:reject>
        </activiti:operations>
      </extensionElements>
    </userTask>
    <userTask id="step5" name="信息中心执行" activiti:candidateUsers="${candidateUsersDataQuery.getStep5Users(execution,creator,'')}">
      <extensionElements>
        <activiti:operations>
          <activiti:submit enable="true"></activiti:submit>
          <activiti:stop enable="false"></activiti:stop>
          <activiti:reject enable="false"></activiti:reject>
        </activiti:operations>
      </extensionElements>
    </userTask>
    <userTask id="setp6" name="申请部门确认" activiti:candidateUsers="${candidateUsersDataQuery.getStep6Users(execution,creator,'')}">
      <extensionElements>
        <activiti:operations>
          <activiti:submit enable="true"></activiti:submit>
          <activiti:stop enable="false"></activiti:stop>
          <activiti:reject enable="false"></activiti:reject>
        </activiti:operations>
      </extensionElements>
    </userTask>
    <endEvent id="end" name="End"></endEvent>
    <exclusiveGateway id="gw2" name="gw2"></exclusiveGateway>
    <sequenceFlow id="flow1" sourceRef="step0" targetRef="step1"></sequenceFlow>
    <sequenceFlow id="flow2" sourceRef="step1" targetRef="step2"></sequenceFlow>
    <sequenceFlow id="flow7" name="通过" sourceRef="gw2" targetRef="step4">
      <conditionExpression xsi:type="tFormalExpression"><![CDATA[${step3Approved == true}]]></conditionExpression>
    </sequenceFlow>
    <sequenceFlow id="flow27" name="终止" sourceRef="gw2" targetRef="end">
      <conditionExpression xsi:type="tFormalExpression"><![CDATA[${step3Approved == false}]]></conditionExpression>
    </sequenceFlow>
    <sequenceFlow id="flow14" sourceRef="step3" targetRef="gw2"></sequenceFlow>
    <sequenceFlow id="flow20" sourceRef="step5" targetRef="setp6"></sequenceFlow>
    <exclusiveGateway id="gw1" name="gw1"></exclusiveGateway>
    <sequenceFlow id="flow22" sourceRef="step2" targetRef="gw1"></sequenceFlow>
    <sequenceFlow id="flow23" name="通过" sourceRef="gw1" targetRef="step3">
      <conditionExpression xsi:type="tFormalExpression"><![CDATA[${step2Approved == true}]]></conditionExpression>
    </sequenceFlow>
    <sequenceFlow id="flow24" name="驳回" sourceRef="gw1" targetRef="step1">
      <conditionExpression xsi:type="tFormalExpression"><![CDATA[${step2Approved == true}]]></conditionExpression>
    </sequenceFlow>
    <sequenceFlow id="flow25" sourceRef="setp6" targetRef="end"></sequenceFlow>
    <sequenceFlow id="flow26" sourceRef="step4" targetRef="step5"></sequenceFlow>
  </process>
  <bpmndi:BPMNDiagram id="BPMNDiagram_data_query">
    <bpmndi:BPMNPlane bpmnElement="data_query" id="BPMNPlane_data_query">
      <bpmndi:BPMNShape bpmnElement="step0" id="BPMNShape_step0">
        <omgdc:Bounds height="35.0" width="35.0" x="100.0" y="180.0"></omgdc:Bounds>
      </bpmndi:BPMNShape>
      <bpmndi:BPMNShape bpmnElement="step1" id="BPMNShape_step1">
        <omgdc:Bounds height="55.0" width="105.0" x="180.0" y="170.0"></omgdc:Bounds>
      </bpmndi:BPMNShape>
      <bpmndi:BPMNShape bpmnElement="step2" id="BPMNShape_step2">
        <omgdc:Bounds height="55.0" width="141.0" x="330.0" y="170.0"></omgdc:Bounds>
      </bpmndi:BPMNShape>
      <bpmndi:BPMNShape bpmnElement="step3" id="BPMNShape_step3">
        <omgdc:Bounds height="55.0" width="105.0" x="620.0" y="171.0"></omgdc:Bounds>
      </bpmndi:BPMNShape>
      <bpmndi:BPMNShape bpmnElement="step4" id="BPMNShape_step4">
        <omgdc:Bounds height="55.0" width="105.0" x="840.0" y="170.0"></omgdc:Bounds>
      </bpmndi:BPMNShape>
      <bpmndi:BPMNShape bpmnElement="step5" id="BPMNShape_step5">
        <omgdc:Bounds height="55.0" width="105.0" x="990.0" y="171.0"></omgdc:Bounds>
      </bpmndi:BPMNShape>
      <bpmndi:BPMNShape bpmnElement="setp6" id="BPMNShape_setp6">
        <omgdc:Bounds height="55.0" width="105.0" x="1147.0" y="170.0"></omgdc:Bounds>
      </bpmndi:BPMNShape>
      <bpmndi:BPMNShape bpmnElement="end" id="BPMNShape_end">
        <omgdc:Bounds height="35.0" width="35.0" x="1310.0" y="181.0"></omgdc:Bounds>
      </bpmndi:BPMNShape>
      <bpmndi:BPMNShape bpmnElement="gw2" id="BPMNShape_gw2">
        <omgdc:Bounds height="40.0" width="40.0" x="760.0" y="178.0"></omgdc:Bounds>
      </bpmndi:BPMNShape>
      <bpmndi:BPMNShape bpmnElement="gw1" id="BPMNShape_gw1">
        <omgdc:Bounds height="40.0" width="40.0" x="510.0" y="178.0"></omgdc:Bounds>
      </bpmndi:BPMNShape>
      <bpmndi:BPMNEdge bpmnElement="flow1" id="BPMNEdge_flow1">
        <omgdi:waypoint x="135.0" y="197.0"></omgdi:waypoint>
        <omgdi:waypoint x="180.0" y="197.0"></omgdi:waypoint>
      </bpmndi:BPMNEdge>
      <bpmndi:BPMNEdge bpmnElement="flow2" id="BPMNEdge_flow2">
        <omgdi:waypoint x="285.0" y="197.0"></omgdi:waypoint>
        <omgdi:waypoint x="330.0" y="197.0"></omgdi:waypoint>
      </bpmndi:BPMNEdge>
      <bpmndi:BPMNEdge bpmnElement="flow7" id="BPMNEdge_flow7">
        <omgdi:waypoint x="800.0" y="198.0"></omgdi:waypoint>
        <omgdi:waypoint x="840.0" y="197.0"></omgdi:waypoint>
        <bpmndi:BPMNLabel>
          <omgdc:Bounds height="18.0" width="32.0" x="800.0" y="198.0"></omgdc:Bounds>
        </bpmndi:BPMNLabel>
      </bpmndi:BPMNEdge>
      <bpmndi:BPMNEdge bpmnElement="flow27" id="BPMNEdge_flow27">
        <omgdi:waypoint x="780.0" y="218.0"></omgdi:waypoint>
        <omgdi:waypoint x="780.0" y="284.0"></omgdi:waypoint>
        <omgdi:waypoint x="1080.0" y="284.0"></omgdi:waypoint>
        <omgdi:waypoint x="1327.0" y="284.0"></omgdi:waypoint>
        <omgdi:waypoint x="1327.0" y="216.0"></omgdi:waypoint>
        <bpmndi:BPMNLabel>
          <omgdc:Bounds height="18.0" width="32.0" x="780.0" y="218.0"></omgdc:Bounds>
        </bpmndi:BPMNLabel>
      </bpmndi:BPMNEdge>
      <bpmndi:BPMNEdge bpmnElement="flow14" id="BPMNEdge_flow14">
        <omgdi:waypoint x="725.0" y="198.0"></omgdi:waypoint>
        <omgdi:waypoint x="760.0" y="198.0"></omgdi:waypoint>
      </bpmndi:BPMNEdge>
      <bpmndi:BPMNEdge bpmnElement="flow20" id="BPMNEdge_flow20">
        <omgdi:waypoint x="1095.0" y="198.0"></omgdi:waypoint>
        <omgdi:waypoint x="1147.0" y="197.0"></omgdi:waypoint>
      </bpmndi:BPMNEdge>
      <bpmndi:BPMNEdge bpmnElement="flow22" id="BPMNEdge_flow22">
        <omgdi:waypoint x="471.0" y="197.0"></omgdi:waypoint>
        <omgdi:waypoint x="510.0" y="198.0"></omgdi:waypoint>
      </bpmndi:BPMNEdge>
      <bpmndi:BPMNEdge bpmnElement="flow23" id="BPMNEdge_flow23">
        <omgdi:waypoint x="550.0" y="198.0"></omgdi:waypoint>
        <omgdi:waypoint x="620.0" y="198.0"></omgdi:waypoint>
        <bpmndi:BPMNLabel>
          <omgdc:Bounds height="18.0" width="32.0" x="550.0" y="198.0"></omgdc:Bounds>
        </bpmndi:BPMNLabel>
      </bpmndi:BPMNEdge>
      <bpmndi:BPMNEdge bpmnElement="flow24" id="BPMNEdge_flow24">
        <omgdi:waypoint x="530.0" y="178.0"></omgdi:waypoint>
        <omgdi:waypoint x="529.0" y="91.0"></omgdi:waypoint>
        <omgdi:waypoint x="391.0" y="91.0"></omgdi:waypoint>
        <omgdi:waypoint x="232.0" y="91.0"></omgdi:waypoint>
        <omgdi:waypoint x="232.0" y="170.0"></omgdi:waypoint>
        <bpmndi:BPMNLabel>
          <omgdc:Bounds height="18.0" width="32.0" x="530.0" y="178.0"></omgdc:Bounds>
        </bpmndi:BPMNLabel>
      </bpmndi:BPMNEdge>
      <bpmndi:BPMNEdge bpmnElement="flow25" id="BPMNEdge_flow25">
        <omgdi:waypoint x="1252.0" y="197.0"></omgdi:waypoint>
        <omgdi:waypoint x="1310.0" y="198.0"></omgdi:waypoint>
      </bpmndi:BPMNEdge>
      <bpmndi:BPMNEdge bpmnElement="flow26" id="BPMNEdge_flow26">
        <omgdi:waypoint x="945.0" y="197.0"></omgdi:waypoint>
        <omgdi:waypoint x="990.0" y="198.0"></omgdi:waypoint>
      </bpmndi:BPMNEdge>
    </bpmndi:BPMNPlane>
  </bpmndi:BPMNDiagram>
</definitions>