<included>
	<appender name="MAIL" class="ch.qos.logback.classic.net.SMTPAppender">
		<filter class="ch.qos.logback.classic.filter.LevelFilter">
			<level>ERROR</level>
			<OnMismatch>DENY</OnMismatch>
			<OnMatch>ACCEPT</OnMatch>
		</filter>
		<smtpHost>mail.mossle.com</smtpHost>
		<smtpPort>465</smtpPort>
		<SSL>true</SSL>
		<username>lingo@gmail.com</username>
		<password>lingo2mossle</password>

		<to>lingo@mossle.com</to>
		<!--
		<from>demo.mossle@gmail.com</from>
		-->
		<!--
		<subject>[mossle] %logger{20} - %m</subject>
		-->
		<layout class="ch.qos.logback.classic.html.HTMLLayout"/>

	</appender>
</included>
