<?xml version="1.0" encoding="UTF-8"?>
	<beans xmlns="http://www.springframework.org/schema/beans"
		   xmlns:xsi="http://www.w3.org/2001/XMLSchema-instance"
		   xmlns:context="http://www.springframework.org/schema/context"
		   xmlns:mvc="http://www.springframework.org/schema/mvc"
		   xsi:schemaLocation="http://www.springframework.org/schema/mvc http://www.springframework.org/schema/mvc/spring-mvc.xsd
		http://www.springframework.org/schema/beans http://www.springframework.org/schema/beans/spring-beans.xsd
		http://www.springframework.org/schema/context http://www.springframework.org/schema/context/spring-context.xsd">

	<!-- 自动扫描且只扫描@Controller -->

	<context:component-scan base-package="com.youi" use-default-filters="false">
		<context:include-filter type="annotation" expression="org.springframework.stereotype.Controller"/>
	</context:component-scan>

	<mvc:annotation-driven conversion-service="conversionService" >
		<mvc:async-support default-timeout="3000"/>
		<mvc:message-converters register-defaults="true">
			<bean class="org.springframework.http.converter.ByteArrayHttpMessageConverter">

			</bean>
			<!-- 将StringHttpMessageConverter的默认编码设为UTF-8 -->
			<bean class="org.springframework.http.converter.StringHttpMessageConverter">
				<constructor-arg value="UTF-8" />
			</bean>
			<!--
			<bean class="org.springframework.http.converter.json.MappingJackson2HttpMessageConverter">
				<property name="objectMapper">
					<bean id="jacksonObjectMapper" class="com.fasterxml.jackson.databind.ObjectMapper">
						<property name="dateFormat">
							<bean class="java.text.SimpleDateFormat">
								<constructor-arg type="java.lang.String" value="yyyy-MM-dd HH:mm:ss" />
							</bean>
						</property>
						<property name="serializationInclusion">
							<value type="com.fasterxml.jackson.annotation.JsonInclude.Include">NON_NULL</value>
							<util:constant static-field="com.fasterxml.jackson.annotation.JsonInclude.Include.NON_NULL" />
						</property>
					</bean>
				</property>
				<property name="supportedMediaTypes">
					<list>
						<value>application/json;charset=UTF-8</value>
					</list>
				</property>
			</bean>
		-->

			<bean class="org.springframework.http.converter.json.MappingJackson2HttpMessageConverter">
				<property name="supportedMediaTypes">
					<list>
						<value>application/json; charset=UTF-8</value>
						<value>text/plain; charset=UTF-8</value>
						<value>text/html; charset=UTF-8</value>
						<value>application/x-www-form-urlencoded; charset=UTF-8</value>
					</list>
				</property>
				<!-- 配置 objectMapper 为我们自定义扩展后的 CustomMapper -->
				<property name="objectMapper" ref="jsonMapper">
				</property>
			</bean>
  		</mvc:message-converters>
		<mvc:argument-resolvers>
			<bean class="com.youi.business.common.auth.UserMethodArgumentResolver"/>
			<bean class="com.youi.business.common.auth.VersionMethodArgumentResolver"/>
		</mvc:argument-resolvers>
	</mvc:annotation-driven>

	<!-- 定义JSP文件的位置 -->
	<!--
	<bean  name="JSPViewResolver" class="org.springframework.web.servlet.view.InternalResourceViewResolver">
		<property name="order" value="256"/>
		<property name="prefix" value="/content/"/>
		<property name="suffix" value=".jsp"/>
		<property name="contentType" value="text/html;charset=UTF-8"/>
	</bean>
	-->


	<!-- 容器默认的DefaultServletHandler处理 所有静态内容与无RequestMapping处理的URL-->
	<mvc:default-servlet-handler/>

	<!-- 定义无需Controller的url<->view直接映射 -->
	<mvc:view-controller path="/" view-name="index.html"/>

	<bean id="multipartResolver" class="org.springframework.web.multipart.commons.CommonsMultipartResolver">
		<property name="defaultEncoding" value="UTF-8"/>
		<property name="maxUploadSize" value="5000000"/>
	</bean>

    <bean id="conversionService" class="org.springframework.format.support.FormattingConversionServiceFactoryBean">
		<property name="converters">
			<list>
				<bean class="com.youi.core.spring.DateConverter" />
			</list>
		</property>
	</bean>

	<!-- 处理springmvc的RedirectAttributes的工具类 -->
	<bean id="messageHelper" class="com.youi.core.spring.MessageHelper"/>
	<!-- 消息-->
	<bean id="messageSource" class="org.springframework.context.support.ResourceBundleMessageSource">
		<property name="basenames" value="messages"/>
		<property name="useCodeAsDefaultMessage" value="true" />
	</bean>
	<mvc:interceptors>
		<mvc:interceptor>
			<mvc:mapping path="/**/*"/>
			<mvc:exclude-mapping path="/login.*"/>
			<mvc:exclude-mapping path="/exclude/**/*"/>
			<mvc:exclude-mapping path="/static/**/*"/>
			<mvc:exclude-mapping path="/async-websocket/**/*"/>
			<mvc:exclude-mapping path="/api-docs/**/*"/>
			<mvc:exclude-mapping path="/monitoringv2/**/*"/>
			<bean class="com.youi.business.common.interceptor.JwtInterceptor"></bean>
		</mvc:interceptor>
	</mvc:interceptors>
	<mvc:cors>
		<mvc:mapping path="/**" allowed-origins="*" allow-credentials="true" max-age="1800" allowed-methods="GET,POST,PUT,DELETE,OPTIONS"/>
	</mvc:cors>
</beans>
