<?xml version="1.0" encoding="UTF-8"?>
<beans xmlns="http://www.springframework.org/schema/beans"
       xmlns:tx="http://www.springframework.org/schema/tx"
       xmlns:xsi="http://www.w3.org/2001/XMLSchema-instance"
       xsi:schemaLocation="http://www.springframework.org/schema/beans http://www.springframework.org/schema/beans/spring-beans.xsd
       http://www.springframework.org/schema/tx http://www.springframework.org/schema/tx/spring-tx.xsd">

	<bean id="transactionManager" class="org.springframework.jdbc.datasource.DataSourceTransactionManager">
		<property name="dataSource" ref="dataSource" />
	</bean>

	<bean id="customUserManager" class="com.youi.business.activiti.extend.CustomUserManager">
	</bean>

	<bean id="customGroupManager" class="com.youi.business.activiti.extend.CustomGroupManager">
	</bean>

	<bean id="processEngineConfiguration" class="org.activiti.spring.SpringProcessEngineConfiguration" depends-on="databaseMigrator">
		<property name="dataSource" ref="dataSource" />
		<property name="transactionManager" ref="transactionManager" />
		<property name="databaseSchemaUpdate" value="true" />
		<property name="jobExecutorActivate" value="false" />
		<property name="createDiagramOnDeploy" value="true" />
		<property name="activityFontName" value="宋体"/>
		<property name="labelFontName" value="宋体"/>
		<property name="deploymentResources">
			<list>
                  <value>classpath*:/activiti/autodeploy/*.bpmn20.xml</value>
				  <value>classpath*:/activiti/autodeploy/*.zip</value>
				  <value>classpath*:/activiti/autodeploy/*.bar</value>
				 <value>classpath*:/activiti/autodeploy/*.jar</value>
			</list>
		</property>
		<property name="deploymentMode" value="single-resource" />

		<property name="customSessionFactories">
			<list>
				<bean class="com.youi.business.activiti.extend.CustomUserManagerFactory">
					<property name="customUserManager" ref="customUserManager"/>
				</bean>
				<bean class="com.youi.business.activiti.extend.CustomGroupManagerFactory">
					<property name="customGroupManager" ref="customGroupManager"/>
				</bean>
			</list>
		</property>
		<!-- 添加的自定义解析器-->
		<property name="customDefaultBpmnParseHandlers">
			<list>
				<bean class="com.youi.business.activiti.parser.ExtensionUserTaskParseHandler" />
			</list>
		</property>


		<!-- 添加的自定义监听器 -->
		<property name="postBpmnParseHandlers">
			<list>
				<bean class="com.youi.business.activiti.listener.ProxyUserTaskBpmnParseHandler">
					<property name="taskListenerId" value="postTaskListener"/>
				</bean>
			</list>
		</property>

		<property name="bpmnParser">
			<bean class="com.youi.business.activiti.parser.CustomBpmnParser" />
		</property>

	</bean>

	<bean id="processEngine" class="org.activiti.spring.ProcessEngineFactoryBean">
		<property name="processEngineConfiguration" ref="processEngineConfiguration" />
	</bean>

	<bean id="repositoryService" factory-bean="processEngine" factory-method="getRepositoryService" />
	<bean id="runtimeService" factory-bean="processEngine" factory-method="getRuntimeService" />
	<bean id="taskService" factory-bean="processEngine" factory-method="getTaskService" />
	<bean id="historyService" factory-bean="processEngine" factory-method="getHistoryService" />
	<bean id="managementService" factory-bean="processEngine" factory-method="getManagementService" />
	<bean id="formService" factory-bean="processEngine" factory-method="getFormService" />
	<bean id="identityService" factory-bean="processEngine" factory-method="getIdentityService" />

	<!-- 在记录history之后执行的TaskListener -->
	<bean id="postTaskListener" class="com.youi.business.activiti.listener.ProxyTaskListener">
		<property name="taskListeners">
			<list>
				<bean class="com.youi.business.activiti.listener.AutoCompleteFirstTaskListener"/>
			</list>
		</property>
	</bean>

</beans>
