<?xml version="1.1" encoding="UTF-8"?>
<beans xmlns="http://www.springframework.org/schema/beans"
	xmlns:xsi="http://www.w3.org/2001/XMLSchema-instance" xmlns:context="http://www.springframework.org/schema/context"
	xmlns:jdbc="http://www.springframework.org/schema/jdbc" xmlns:jee="http://www.springframework.org/schema/jee"
	xmlns:aop="http://www.springframework.org/schema/aop" xmlns:task="http://www.springframework.org/schema/task"
	xsi:schemaLocation="
		http://www.springframework.org/schema/beans http://www.springframework.org/schema/beans/spring-beans.xsd
		http://www.springframework.org/schema/context http://www.springframework.org/schema/context/spring-context.xsd
		http://www.springframework.org/schema/jdbc http://www.springframework.org/schema/jdbc/spring-jdbc.xsd
		http://www.springframework.org/schema/jee http://www.springframework.org/schema/jee/spring-jee.xsd
		http://www.springframework.org/schema/tx http://www.springframework.org/schema/tx/spring-tx.xsd
		http://www.springframework.org/schema/aop http://www.springframework.org/schema/aop/spring-aop.xsd
		http://www.springframework.org/schema/task http://www.springframework.org/schema/task/spring-task.xsd">

	<description>aop配置</description>

	<!-- 定义事务 -->

	<bean id="OpenSessionInterceptor" class="org.springframework.orm.hibernate4.support.OpenSessionInterceptor">
        <property name="sessionFactory" ref="sessionFactory" />  
    </bean>

	<!--
	<bean id="OpenSessionInterceptor" class="com.youi.business.common.interceptor.OpenSessionInterceptor">
		<property name="sessionFactory" ref="sessionFactory" />
	</bean>
	  -->

	<aop:config proxy-target-class="true">
		<aop:pointcut id="schedulerMethodPointcut" expression="execution(* com.youi.business.common.scheduler.*.*(..)) and @annotation(org.springframework.scheduling.annotation.Scheduled)"/>
		<aop:advisor advice-ref="OpenSessionInterceptor" pointcut-ref="schedulerMethodPointcut" />
	</aop:config>

</beans>