<?xml version="1.0" encoding="UTF-8"?>
<beans xmlns="http://www.springframework.org/schema/beans"
       xmlns:xsi="http://www.w3.org/2001/XMLSchema-instance"
       xmlns:context="http://www.springframework.org/schema/context"
       xmlns:mvc="http://www.springframework.org/schema/mvc"
       xsi:schemaLocation="http://www.springframework.org/schema/mvc http://www.springframework.org/schema/mvc/spring-mvc.xsd
		http://www.springframework.org/schema/beans http://www.springframework.org/schema/beans/spring-beans.xsd
		http://www.springframework.org/schema/context http://www.springframework.org/schema/context/spring-context.xsd">


<!-- 第一个GroupTemplate，模板放在Webapp下 -->
    <bean name="beetlConfig" class="org.beetl.ext.spring.BeetlGroupUtilConfiguration" init-method="init">
        <property name="configFileResource" value="classpath:beetl.properties"/>
        <property name="functions">
            <map>
                <entry key="codeValue" value-ref="codeValue"/>
                <entry key="sortFunction" value-ref="sortFunction"/>
            </map>
        </property>

        <property name="functionPackages">
            <map>
                <entry key="fp" value-ref="commonFunctionPackage"/>
            </map>
        </property>

        <property name="tagFactorys">
            <map>
                <entry key="codeselect" value-ref="codeSelectFactory"/>
            </map>

        </property>

    </bean>

    <bean name="codeSelectFactory" class="org.beetl.ext.spring.SpringBeanTagFactory">
        <property name="name" value="codeSelectTag"/>
    </bean>





    <!-- Beetl视图解析器1 -->
    <bean name="beetlViewResolver" class="org.beetl.ext.spring.BeetlSpringViewResolver">
        <!-- 多视图解析器，需要设置viewNames和order -->
        <property name="viewNames">
            <list>
                <value>/template/**</value>
            </list>
        </property>
        <property name="suffix" value=".html"/>
        <property name="contentType" value="text/html;charset=UTF-8"/>
        <property name="order" value="0"/>
        <!-- 多GroupTemplate，需要指定使用的bean -->
        <property name="config" ref="beetlConfig"/>


    </bean>

</beans>