<?xml version="1.0" encoding="UTF-8" ?>
<definitions id="definitions"
             targetNamespace="http://activiti.org/bpmn20"
             xmlns="http://www.omg.org/spec/BPMN/20100524/MODEL"
             xmlns:xsi="http://www.w3.org/2001/XMLSchema-instance"
             xmlns:activiti="http://activiti.org/bpmn">

    <process id="hello" name="first hello world">

        <startEvent id="start" activiti:initiator="employeeName">
            <extensionElements>
                <activiti:formProperty id="numberOfDays" name="Number of days" type="long" value="1" required="true"/>
                <activiti:formProperty id="startDate" name="First day of holiday (dd-MM-yyy)" datePattern="dd-MM-yyyy hh:mm" type="date" required="true" />
                <activiti:formProperty id="vacationMotivation" name="Motivation" type="string" />
            </extensionElements>
        </startEvent>
        <sequenceFlow id="flow1" sourceRef="start" targetRef="task1" />

        <userTask id="task1" name="Handle vacation request" activiti:candidateUsers="${userTest.getUsers(employeeName)}">
            <documentation>
                ${employeeName} would like to take ${numberOfDays} day(s) of vacation (Motivation: ${vacationMotivation}).
            </documentation>
            <extensionElements>
                <activiti:formProperty id="vacationApproved" name="Do you approve this vacation" type="enum" required="true">
                    <activiti:value id="true" name="Approve" />
                    <activiti:value id="false" name="Reject" />
                </activiti:formProperty>
                <activiti:formProperty id="managerMotivation" name="Motivation" type="string" />
            </extensionElements>

        </userTask>
        <sequenceFlow id="flow2" sourceRef="task1" targetRef="task2" />
        <userTask id="task2" name="Handle vacation request" activiti:candidateUsers="${userTest.getUsers(employeeName)}">


        </userTask>
        <sequenceFlow id="flow3" sourceRef="task2" targetRef="end" />

        <endEvent id="end" />

    </process>

</definitions>